<?xml version="1.0"?>
<!DOCTYPE Configure PUBLIC "-//Mort Bay Consulting//DTD Configure//EN" "http://jetty.mortbay.org/configure.dtd">
<Configure id="Server" class="org.mortbay.jetty.Server">

	<!-- =========================================================== -->
	<!-- Server Thread Pool                                          -->
	<!-- =========================================================== -->
	<Set name="ThreadPool">
		<New class="org.mortbay.thread.QueuedThreadPool">
			<Set name="minThreads">10</Set>
			<Set name="maxThreads">200</Set>
			<Set name="lowThreads">20</Set>
			<Set name="SpawnOrShrinkAt">2</Set>
		</New>
	</Set>

	<!-- =========================================================== -->
	<!-- Set connectors                                              -->
	<!-- =========================================================== -->
	<Call name="addConnector">
		<Arg>
			<New class="org.mortbay.jetty.nio.SelectChannelConnector">
				<Set name="host">
					<SystemProperty name="jetty.host" />
				</Set>
				<Set name="port">
					<SystemProperty name="jetty.port" default="@SERVER_PORT@" />
				</Set>
				<Set name="maxIdleTime">3000</Set>
				
				<Set name="acceptQueueSize">12000</Set>
		        <Set name="Acceptors">2</Set>
		        <Set name="statsOn">false</Set>
		        <Set name="confidentialPort">8443</Set>
		        <Set name="lowResourcesConnections">25000</Set>
		        <Set name="lowResourcesMaxIdleTime">3000</Set>
			</New>
		</Arg>
	</Call>

	<!-- =========================================================== -->
	<!-- Configure the Webapp Context                                -->
	<!-- =========================================================== -->
	<Set name="handler">
		<New class="org.mortbay.jetty.webapp.WebAppContext">
			<Set name="contextPath">/</Set>
			<Set name="war">webapp</Set>
		</New>
	</Set>


	<!-- =========================================================== -->
	<!-- Extra options                                               -->
	<!-- =========================================================== -->
	<Set name="stopAtShutdown">true</Set>
	<Set name="sendServerVersion">true</Set>
	<Set name="sendDateHeader">true</Set>
	<Set name="gracefulShutdown">30000</Set>

</Configure>
